Name,First name,Last name,Tutorial?,Backup?,Email,Personal email,Website,Institute,Location at the dates of the conference,Accommodation budget,Flight budget,Response,Availability restrictions,To email,Awaiting response?,Title,Abstract
Ali Enayat,Ali,Enayat,Yes,No,ali.enayat@gu.se,N/A,https://www.gu.se/en/about/find-staff/alienayat,U. Göteborg,"In the ""neighborhood""",250-300,,Accepted,No earlier than 10am,No,Yes,,
Mateusz Łełyk,Mateusz,Łełyk,Yes,Yes,mlelyk@uw.edu.pl,N/A,N/A,U. Warsaw,,250-300,,Accepted,3rd-5th,No,Yes,,
Juan Pablo Aguilera,Juan Pablo,Aguilera,No,No,aguilera@logic.at,N/A,https://juan.ag/,TU Wien,,250-300,,Accepted,Unavailable in the first day,No,No,,
Raheleh Jalali,Raheleh,Jalali,No,No,N/A,rahele.jalali@gmail.com,N/A,Czech Academy of Sciences,Unknown,250-300,,Accepted,Unmentioned,No,No,,
Michael Rathjen,Michael,Rathjen,No,No,M.Rathjen@leeds.ac.uk,N/A,https://eps.leeds.ac.uk/maths/staff/4073/professor-michael-rathjen,U. Leeds,,250-300,,Accepted,Unmentioned,No,No,,
Gilda Ferreira,Gilda,Ferreira,No,No,gmferreira@fc.ul.pt,N/A,https://webpages.ciencias.ulisboa.pt/~gmferreira/,U. Lisboa,,250-300,,Accepted,Unmentioned,No,No,,
Alex Kavvos,Alex,Kavvos,No,Yes,alex.kavvos@bristol.ac.uk,N/A,https://research-information.bris.ac.uk/en/persons/alex-kavvos#,U. Bristol,,250-300,,Essentially Accepted,At most available for 2 days,No,No,,
Daniyar Shamtanov,Daniyar,Shamtanov,No,Yes,N/A,daniyar.shamkanov@gmail.com,N/A,Steklov Mathematical Institute of Russian Academy of Sciences,,250-300,,Accepted ,Unmentioned ,No,No,,